{
  "obsidian-tasks-plugin:edit-task": [
    {
      "modifiers": [
        "Mod",
        "Shift"
      ],
      "key": "Enter"
    }
  ],
  "obsidian-emoji-toolbar:emoji-picker:open-picker": [
    {
      "modifiers": [
        "Mod"
      ],
      "key": "M"
    }
  ],
  "obsidian-excalidraw-plugin:excalidraw-publish-svg-check": [
    {
      "modifiers": [
        "Alt",
        "Mod"
      ],
      "key": ";"
    }
  ],
  "obsidian-excalidraw-plugin:export-image": [
    {
      "modifiers": [
        "Mod",
        "Shift"
      ],
      "key": "S"
    }
  ]
}