{
  "main": {
    "id": "586b3c48d71b60c1",
    "type": "split",
    "children": [
      {
        "id": "85cbea269162487c",
        "type": "tabs",
        "children": [
          {
            "id": "12557e221c6cd9ab",
            "type": "leaf",
            "pinned": true,
            "state": {
              "type": "markdown",
              "state": {
                "file": "Study/Algorithm/Algorithm Introdution.md",
                "mode": "source",
                "source": false
              },
              "pinned": true,
              "icon": "lucide-file",
              "title": "Algorithm Introdution"
            }
          },
          {
            "id": "94959deaea525a41",
            "type": "leaf",
            "pinned": true,
            "state": {
              "type": "markdown",
              "state": {
                "file": "Study/LangChain/LangChain Introduction.md",
                "mode": "preview",
                "source": false
              },
              "pinned": true,
              "icon": "lucide-file",
              "title": "LangChain Introduction"
            }
          },
          {
            "id": "34902bc3a53b39c8",
            "type": "leaf",
            "state": {
              "type": "markdown",
              "state": {
                "file": "Study/LangChain/LangChain Content/05_Document GPT/Document GPT.md",
                "mode": "preview",
                "source": false
              },
              "icon": "lucide-file",
              "title": "Document GPT"
            }
          },
          {
            "id": "c08ec102605013d9",
            "type": "leaf",
            "state": {
              "type": "markdown",
              "state": {
                "file": "Project/Document AI Secretary/Introduction.md",
                "mode": "source",
                "source": false
              },
              "icon": "lucide-file",
              "title": "Introduction"
            }
          },
          {
            "id": "e75979c172c616e5",
            "type": "leaf",
            "state": {
              "type": "markdown",
              "state": {
                "file": "Study/LangChain/LangChain Content/05_Document GPT/Streamlit.md",
                "mode": "preview",
                "source": false
              },
              "icon": "lucide-file",
              "title": "Streamlit"
            }
          },
          {
            "id": "9ba6e9fc8a41070d",
            "type": "leaf",
            "state": {
              "type": "markdown",
              "state": {
                "file": "Study/Algorithm/Algorithm Content/Tree/HLD(Heavy Light Decomposition).md",
                "mode": "source",
                "source": false
              },
              "icon": "lucide-file",
              "title": "HLD(Heavy Light Decomposition)"
            }
          }
        ],
        "currentTab": 3
      }
    ],
    "direction": "vertical"
  },
  "left": {
    "id": "022b9e5fe4a7e3e4",
    "type": "split",
    "children": [
      {
        "id": "db641f90e41217de",
        "type": "tabs",
        "children": [
          {
            "id": "d0f47e118e94ffc8",
            "type": "leaf",
            "state": {
              "type": "file-explorer",
              "state": {
                "sortOrder": "alphabetical"
              },
              "icon": "lucide-folder-closed",
              "title": "파일 탐색기"
            }
          },
          {
            "id": "bb9191274b24ec7a",
            "type": "leaf",
            "state": {
              "type": "search",
              "state": {
                "query": "",
                "matchingCase": false,
                "explainSearch": false,
                "collapseAll": false,
                "extraContext": false,
                "sortOrder": "alphabetical"
              },
              "icon": "lucide-search",
              "title": "검색"
            }
          },
          {
            "id": "03487af427a5cc78",
            "type": "leaf",
            "state": {
              "type": "bookmarks",
              "state": {},
              "icon": "lucide-bookmark",
              "title": "Bookmarks"
            }
          }
        ]
      }
    ],
    "direction": "horizontal",
    "width": 200
  },
  "right": {
    "id": "5bb1848ef2065f03",
    "type": "split",
    "children": [
      {
        "id": "276266a058bd741c",
        "type": "tabs",
        "children": [
          {
            "id": "3c47f66332f1b3d4",
            "type": "leaf",
            "state": {
              "type": "outgoing-link",
              "state": {
                "file": "Study/Algorithm/Algorithm Introdution.md",
                "linksCollapsed": false,
                "unlinkedCollapsed": true
              },
              "icon": "links-going-out",
              "title": "Algorithm Introdution의 나가는 링크"
            }
          },
          {
            "id": "b28fb3cd4138c205",
            "type": "leaf",
            "state": {
              "type": "tag",
              "state": {
                "sortOrder": "frequency",
                "useHierarchy": true
              },
              "icon": "lucide-tags",
              "title": "Tags"
            }
          },
          {
            "id": "4b7d4a87e999e4ec",
            "type": "leaf",
            "state": {
              "type": "outline",
              "state": {
                "file": "Study/LangChain/LangChain Content/RAG/asd.md"
              },
              "icon": "lucide-list",
              "title": "asd 개요"
            }
          },
          {
            "id": "5c71560d36d2bd26",
            "type": "leaf",
            "pinned": true,
            "state": {
              "type": "graph",
              "state": {},
              "pinned": true,
              "icon": "lucide-git-fork",
              "title": "그래프 뷰"
            }
          },
          {
            "id": "5b31203408696e9e",
            "type": "leaf",
            "state": {
              "type": "backlink",
              "state": {
                "file": "Study/LangChain/LangChain Content/12_Assistant API/Assistant.md",
                "collapseAll": true,
                "extraContext": false,
                "sortOrder": "alphabetical",
                "showSearch": false,
                "searchQuery": "",
                "backlinkCollapsed": false,
                "unlinkedCollapsed": true
              },
              "icon": "links-coming-in",
              "title": "Assistant의 백링크"
            }
          }
        ],
        "currentTab": 3
      },
      {
        "id": "decec279eda59bad",
        "type": "tabs",
        "children": [
          {
            "id": "f4df52553d1ce84f",
            "type": "leaf",
            "state": {
              "type": "outline",
              "state": {
                "file": "Project/Document AI Secretary/Introduction.md"
              },
              "icon": "lucide-list",
              "title": "Introduction 개요"
            }
          }
        ]
      }
    ],
    "direction": "horizontal",
    "width": 347.5
  },
  "left-ribbon": {
    "hiddenItems": {
      "switcher:퀵 스위처 열기": false,
      "canvas:새 캔버스 만들기": false,
      "daily-notes:오늘의 데일리 노트 열기": false,
      "command-palette:명령어 팔레트 열기": false,
      "graph:그래프 뷰 열기": false,
      "templates:템플릿 삽입": false,
      "obsidian-kanban:새 보드 만들기": false,
      "publish:변경사항 출판": false,
      "kr-book-info-plugin:Add Book Info": false,
      "templater-obsidian:Templater": false,
      "obsidian-projects:Open projects": false,
      "obsidian-excalidraw-plugin:Create new drawing": false
    }
  },
  "active": "c08ec102605013d9",
  "lastOpenFiles": [
    "Study/LangChain/LangChain Content/12_Assistant API/Assistant.md",
    "Study/Algorithm/Algorithm Introdution.md",
    "Study/Algorithm/Algorithm Content/Tree/HLD(Heavy Light Decomposition).md",
    "Study/Algorithm/Algorithm Content/Tree/Fenwick Tree.md",
    "Study/LangChain/LangChain Content/05_Document GPT/Streamlit.md",
    "Study/LangChain/LangChain Content/05_Document GPT/Document GPT.md",
    "Study/LangChain/LangChain Introduction.md",
    "Project/Document AI Secretary/Introduction.md",
    "Study/Algorithm/Algorithm Content/String/KMP(Knuth-Morris-Pratt).md",
    "logo.png",
    "Study/LangChain/LangChain Content/04_RAG/Retrieval.md",
    "Study/LangChain/LangChain Content/03_Memory/Memory Modules.md",
    "Study/LangChain/LangChain Content/04_RAG/Stuff LCEL Chain.md",
    "Study/LangChain/LangChain Content/07_Quiz GPT/Quiz GPT.md",
    "Study/LangChain/LangChain Content/10_Investor GPT/Agent.md",
    "Study/LangChain/LangChain Content/13_Crew AI/Crew.md",
    "Study/LangChain/LangChain Content/13_Crew AI/Investment Recommendation CrewAI.md",
    "Study/Algorithm/Algorithm Content/Tree/Segment Tree.md",
    "Study/Algorithm/Reference/Unclassified Rerference/Square Root Decomposition Ref/Square Root Decompositon Graph.md",
    "Study/Algorithm/Reference/Unclassified Rerference/Square Root Decomposition Ref/Square Root Decompositon Graph.png",
    "Study/Algorithm/Reference/Unclassified Rerference/Great Problem Ref/Fish Game.md",
    "Study/Algorithm/Reference/Unclassified Rerference/Great Problem Ref/Fish Game.png",
    "Study/Algorithm/Reference/Unclassified Rerference/BT Ref/BT Graph.md",
    "Study/Algorithm/Reference/Unclassified Rerference/BT Ref/BT Graph.png",
    "Study/Algorithm/Reference/Unclassified Rerference/Bitmask Ref/Bitmask Graph.md",
    "Study/Algorithm/Reference/Unclassified Rerference/Bitmask Ref/Bitmask Graph.png",
    "Study/Algorithm/Reference/Tree Reference/Union FInd Ref/Union Find Graph.md",
    "Study/Algorithm/Reference/Tree Reference/Union FInd Ref/Union Find Graph.png",
    "Study/Algorithm/Reference/Tree Reference/Segment Tree Ref/Segment Tree Graph.md",
    "Study/Algorithm/Reference/Tree Reference/Segment Tree Ref/Segment Tree Graph.png",
    "Study/Algorithm/Reference/Tree Reference/MST Ref/MST Graph.md",
    "Study/Algorithm/Reference/Tree Reference/MST Ref/MST Graph.png",
    "Study/Algorithm/Reference/Tree Reference/MST Ref/MST Graph.svg",
    "Study/Algorithm/Reference/Tree Reference/Merge Sort Ref/Merge Sort Tree Graph.md",
    "Study/Algorithm/Reference/Tree Reference/Merge Sort Ref/Merge Sort Tree Graph.png",
    "Study/Algorithm/Reference/Tree Reference/LCA Ref/LCA Graph.md",
    "Project/Document AI Secretary",
    "Study/LangChain/LangChain Content/13_Crew AI",
    "Study/LangChain/LangChain Content/12_Assistant API",
    "Study/LangChain/Reference/Assistant Reference",
    "Study/LangChain/LangChain Content/10_Investor GPT",
    "Study/LangChain/LangChain Content/09_Meeting GPT",
    "Study/LangChain/LangChain Content/08_Site GPT",
    "Study/LangChain/LangChain Content/06_Private GPT",
    "Study/LangChain/LangChain Content/06_QuizGPT/무제 폴더",
    "Study/LangChain/LangChain Content/07_Quiz GPT"
  ]
}